{
	"info": {
		"_postman_id": "73f89469-6cf2-44c0-ae13-23b8dfb8dde8",
		"name": "Trabalho_IoT",
		"schema": "https://schema.getpostman.com/json/collection/v2.1.0/collection.json",
		"_exporter_id": "31093331"
	},
	"item": [
		{
			"name": "Trabalho_pratico",
			"item": [
				{
					"name": "Verificar saúde do Cygnus",
					"request": {
						"method": "GET",
						"header": [],
						"url": {
							"raw": "http://localhost:5080/v1/version",
							"protocol": "http",
							"host": [
								"localhost"
							],
							"port": "5080",
							"path": [
								"v1",
								"version"
							]
						}
					},
					"response": []
				},
				{
					"name": "Deletar uma ETA",
					"request": {
						"method": "DELETE",
						"header": [],
						"url": {
							"raw": "http://localhost:1026/v2/entities/urn:ngsi-ld:Eta:001",
							"protocol": "http",
							"host": [
								"localhost"
							],
							"port": "1026",
							"path": [
								"v2",
								"entities",
								"urn:ngsi-ld:Eta:001"
							]
						}
					},
					"response": []
				},
				{
					"name": "Criar uma ETA",
					"request": {
						"method": "POST",
						"header": [
							{
								"key": "Content-Type",
								"value": "application/json",
								"type": "text"
							}
						],
						"body": {
							"mode": "raw",
							"raw": "{\r\n    \"id\": \"urn:ngsi-ld:Eta:001\",\r\n    \"type\": \"Eta\",\r\n    \"address\": {\r\n        \"type\": \"PostalAddress\",\r\n        \"value\": {\r\n            \"streetAddress\": \"Avenida Maria Servidei Demarchi, 398\",\r\n            \"addressRegion\": \"São Paulo\",\r\n            \"addressLocality\": \"São Bernardo do Campo\",\r\n            \"postalCode\": \"09820-000\"\r\n        },\r\n        \"metadata\": {\r\n            \"verified\": {\r\n                \"value\": true,\r\n                \"type\": \"Boolean\"\r\n            }\r\n        }\r\n    },\r\n    \"location\": {\r\n        \"type\": \"geo:json\",\r\n        \"value\": {\r\n            \"type\": \"Point\",\r\n            \"coordinates\": [\r\n                -46.55250126146248,\r\n                -23.726831522796758\r\n            ]\r\n        }\r\n    },\r\n    \"name\": {\r\n        \"type\": \"Text\",\r\n        \"value\": \"ETA Qualidade\"\r\n    }\r\n}"
						},
						"url": {
							"raw": "http://localhost:1026/v2/entities",
							"protocol": "http",
							"host": [
								"localhost"
							],
							"port": "1026",
							"path": [
								"v2",
								"entities"
							]
						}
					},
					"response": []
				},
				{
					"name": "Criar um grupo de serviço",
					"request": {
						"method": "POST",
						"header": [
							{
								"key": "fiware-service",
								"value": "openiot"
							},
							{
								"key": "fiware-servicepath",
								"value": "/"
							},
							{
								"key": "Content-Type",
								"value": "application/json"
							}
						],
						"body": {
							"mode": "raw",
							"raw": "{\n    \"services\": [\n        {\n            \"apikey\": \"4jggokgpepnvsb2uv4s40d59ov\",\n            \"cbroker\": \"http://orion:1026\",\n            \"entity_type\": \"Device\",\n            \"resource\": \"/iot/json\"\n        }\n    ]\n}"
						},
						"url": {
							"raw": "http://localhost:4041/iot/services",
							"protocol": "http",
							"host": [
								"localhost"
							],
							"port": "4041",
							"path": [
								"iot",
								"services"
							]
						},
						"description": "Invoking group provision is always the the first step in connecting devices. For MQTT communication, provisioning supplies the authentication key so the IoT Agent will know which **topic** it must\nsubscribe to.\n\nIt is possible to set up default commands and attributes for all devices as well, but this\nis not done within this tutorial as we will be provisioning each device separately.\n\nThis example provisions an anonymous group of devices. It tells the IoT Agent that a series of devices\nwill be communicating by sending messages to the `/4jggokgpepnvsb2uv4s40d59ov` **topic**\n\nThe `resource` attribute is left blank since HTTP communication is not being used."
					},
					"response": []
				},
				{
					"name": "Providenciar um dispositivo",
					"request": {
						"method": "POST",
						"header": [
							{
								"key": "Content-Type",
								"value": "application/json",
								"type": "text"
							},
							{
								"key": "fiware-service",
								"value": "openiot",
								"type": "text"
							},
							{
								"key": "fiware-servicepath",
								"value": "/",
								"type": "text"
							}
						],
						"body": {
							"mode": "raw",
							"raw": "{\r\n    \"devices\": [\r\n        {\r\n            \"device_id\": \"device001\",\r\n            \"entity_name\": \"urn:ngsi-ld:Device:001\",\r\n            \"entity_type\": \"Device\",\r\n            \"transport\": \"HTTP\",\r\n            \"endpoint\": \"http://dummy-device:80/device1\",\r\n            \"attributes\": [\r\n                {\r\n                    \"object_id\": \"ph\",\r\n                    \"name\": \"ph\",\r\n                    \"type\": \"Number\"\r\n                },\r\n                {\r\n                    \"object_id\": \"du\",\r\n                    \"name\": \"dureza\",\r\n                    \"type\": \"Number\"\r\n                },\r\n                {\r\n                    \"object_id\": \"so\",\r\n                    \"name\": \"solidos\",\r\n                    \"type\": \"Number\"\r\n                },\r\n                {\r\n                    \"object_id\": \"cl\",\r\n                    \"name\": \"cloraminas\",\r\n                    \"type\": \"Number\"\r\n                },\r\n                {\r\n                    \"object_id\": \"su\",\r\n                    \"name\": \"sulfato\",\r\n                    \"type\": \"Number\"\r\n                },\r\n                {\r\n                    \"object_id\": \"co\",\r\n                    \"name\": \"condutividade\",\r\n                    \"type\": \"Number\"\r\n                },\r\n                {\r\n                    \"object_id\": \"ca\",\r\n                    \"name\": \"carbono\",\r\n                    \"type\": \"Number\"\r\n                },\r\n                {\r\n                    \"object_id\": \"tr\",\r\n                    \"name\": \"trihalometanos\",\r\n                    \"type\": \"Number\"\r\n                },\r\n                {\r\n                    \"object_id\": \"tu\",\r\n                    \"name\": \"turbidez\",\r\n                    \"type\": \"Number\"\r\n                },\r\n                {\r\n                    \"object_id\": \"t\",\r\n                    \"name\": \"temperature\",\r\n                    \"type\": \"Number\"\r\n                },\r\n                {\r\n                    \"object_id\": \"rh\",\r\n                    \"name\": \"relativeHumidity\",\r\n                    \"type\": \"Number\"\r\n                }\r\n            ],\r\n            \"commands\": [\r\n                {\r\n                    \"name\": \"switch\",\r\n                    \"type\": \"command\"\r\n                }\r\n            ],\r\n            \"static_attributes\": [\r\n                {\r\n                    \"name\": \"refStore\",\r\n                    \"type\": \"Relationship\",\r\n                    \"value\": \"urn:ngsi-ld:Eta:001\"\r\n                }\r\n            ]\r\n        }\r\n    ]\r\n}",
							"options": {
								"raw": {
									"language": "json"
								}
							}
						},
						"url": {
							"raw": "http://localhost:4041/iot/devices",
							"protocol": "http",
							"host": [
								"localhost"
							],
							"port": "4041",
							"path": [
								"iot",
								"devices"
							]
						}
					},
					"response": []
				},
				{
					"name": "Iniciar envio dos dados",
					"request": {
						"method": "PATCH",
						"header": [
							{
								"key": "fiware-service",
								"value": "openiot",
								"type": "text"
							},
							{
								"key": "fiware-servicepath",
								"value": "/",
								"type": "text"
							},
							{
								"key": "Content-Type",
								"value": "application/json",
								"type": "text"
							}
						],
						"body": {
							"mode": "raw",
							"raw": "{\r\n    \"switch\": {\r\n        \"type\": \"command\",\r\n        \"value\": \"\"     \r\n    }\r\n}"
						},
						"url": {
							"raw": "http://localhost:1026/v2/entities/urn:ngsi-ld:Device:001/attrs?type=Device",
							"protocol": "http",
							"host": [
								"localhost"
							],
							"port": "1026",
							"path": [
								"v2",
								"entities",
								"urn:ngsi-ld:Device:001",
								"attrs"
							],
							"query": [
								{
									"key": "type",
									"value": "Device"
								}
							]
						}
					},
					"response": []
				},
				{
					"name": "Obter dispositivo",
					"request": {
						"method": "GET",
						"header": [
							{
								"key": "fiware-service",
								"value": "openiot",
								"type": "text"
							},
							{
								"key": "fiware-servicepath",
								"value": "/",
								"type": "text"
							}
						],
						"url": {
							"raw": "http://localhost:1026/v2/entities/urn:ngsi-ld:Device:001?type=Device&options=keyValues",
							"protocol": "http",
							"host": [
								"localhost"
							],
							"port": "1026",
							"path": [
								"v2",
								"entities",
								"urn:ngsi-ld:Device:001"
							],
							"query": [
								{
									"key": "type",
									"value": "Device"
								},
								{
									"key": "options",
									"value": "keyValues"
								}
							]
						}
					},
					"response": []
				},
				{
					"name": "Assinar a mudanças no contexto",
					"request": {
						"method": "POST",
						"header": [
							{
								"key": "Content-Type",
								"value": "application/json"
							},
							{
								"key": "fiware-service",
								"value": "openiot"
							},
							{
								"key": "fiware-servicepath",
								"value": "/"
							}
						],
						"body": {
							"mode": "raw",
							"raw": "{\n  \"description\": \"Notify Cygnus of all context changes\",\n  \"subject\": {\n    \"entities\": [\n      {\n        \"idPattern\": \".*\"\n      }\n    ]\n  },\n  \"notification\": {\n    \"http\": {\n      \"url\": \"http://cygnus:5050/notify\"\n    }\n  },\n  \"throttling\": 5\n}"
						},
						"url": {
							"raw": "http://localhost:1026/v2/subscriptions/",
							"protocol": "http",
							"host": [
								"localhost"
							],
							"port": "1026",
							"path": [
								"v2",
								"subscriptions",
								""
							]
						},
						"description": "Once a dynamic context system is up and running, we need to inform **Cygnus** of changes in context.\n\nThis is done by making a POST request to the `/v2/subscription` endpoint of the Orion Context Broker.\n\n* The `fiware-service` and `fiware-servicepath` headers are used to filter the subscription to only listen to measurements from the attached IoT Sensors\n* The `idPattern` in the request body ensures that Cygnus will be informed of all context data changes.\n* The notification `url` must match the configured `CYGNUS_MYSQL_SERVICE_PORT`\n* The `attrsFormat=legacy` is required since Cygnus currently only accepts notifications in the older NGSI v1 format.\n* The `throttling` value defines the rate that changes are sampled.\n\nAs you can see, the database used to persist context data has no impact on the details of the subscription. It is the same for each database."
					},
					"response": []
				},
				{
					"name": "Assinar a mudanças simplificado",
					"request": {
						"method": "POST",
						"header": [
							{
								"key": "Content-Type",
								"value": "application/json"
							},
							{
								"key": "fiware-service",
								"value": "openiot"
							},
							{
								"key": "fiware-servicepath",
								"value": "/"
							}
						],
						"body": {
							"mode": "raw",
							"raw": "{\n    \"description\": \"SUbscription to Cygnus\",\n    \"subject\": {\n        \"entities\": [\n            {\n                \"id\": \"urn:ngsi-ld:Device:001\",\n                \"type\": \"Device\"\n            }\n        ],\n        \"condition\": {\n            \"attrs\": [\n                \"temperature\"\n            ]\n        }\n    },\n    \"notification\": {\n        \"http\": {\n            \"url\": \"http://cygnus:5050/notify\"\n        },\n        \"attrs\": [\n            \"temperature\",\n            \"relativeHumidity\"\n        ]\n    },\n    \"throttling\": 5\n}"
						},
						"url": {
							"raw": "http://localhost:1026/v2/subscriptions/",
							"protocol": "http",
							"host": [
								"localhost"
							],
							"port": "1026",
							"path": [
								"v2",
								"subscriptions",
								""
							]
						},
						"description": "Once a dynamic context system is up and running, we need to inform **Cygnus** of changes in context.\n\nThis is done by making a POST request to the `/v2/subscription` endpoint of the Orion Context Broker.\n\n* The `fiware-service` and `fiware-servicepath` headers are used to filter the subscription to only listen to measurements from the attached IoT Sensors\n* The `idPattern` in the request body ensures that Cygnus will be informed of all context data changes.\n* The notification `url` must match the configured `CYGNUS_MYSQL_SERVICE_PORT`\n* The `attrsFormat=legacy` is required since Cygnus currently only accepts notifications in the older NGSI v1 format.\n* The `throttling` value defines the rate that changes are sampled.\n\nAs you can see, the database used to persist context data has no impact on the details of the subscription. It is the same for each database."
					},
					"response": []
				},
				{
					"name": "Obter assinatura",
					"request": {
						"method": "GET",
						"header": [
							{
								"key": "fiware-service",
								"value": "openiot",
								"type": "text"
							},
							{
								"key": "fiware-servicepath",
								"value": "/",
								"type": "text"
							}
						],
						"url": {
							"raw": "http://localhost:1026/v2/subscriptions",
							"protocol": "http",
							"host": [
								"localhost"
							],
							"port": "1026",
							"path": [
								"v2",
								"subscriptions"
							]
						}
					},
					"response": []
				},
				{
					"name": "Deletar assinatura",
					"request": {
						"method": "DELETE",
						"header": [
							{
								"key": "fiware-service",
								"value": "openiot",
								"type": "text"
							},
							{
								"key": "fiware-servicepath",
								"value": "/",
								"type": "text"
							}
						],
						"url": {
							"raw": "http://localhost:1026/v2/subscriptions/635fc3abd5aba179cf2c171d",
							"protocol": "http",
							"host": [
								"localhost"
							],
							"port": "1026",
							"path": [
								"v2",
								"subscriptions",
								"635fc3abd5aba179cf2c171d"
							]
						}
					},
					"response": []
				}
			]
		}
	]
}